-- MySQL dump 10.13  Distrib 8.0.40, for Win64 (x86_64)
--
-- Host: localhost    Database: manager_user
-- ------------------------------------------------------
-- Server version	8.0.40

/*!40101 SET @OLD_CHARACTER_SET_CLIENT=@@CHARACTER_SET_CLIENT */;
/*!40101 SET @OLD_CHARACTER_SET_RESULTS=@@CHARACTER_SET_RESULTS */;
/*!40101 SET @OLD_COLLATION_CONNECTION=@@COLLATION_CONNECTION */;
/*!50503 SET NAMES utf8 */;
/*!40103 SET @OLD_TIME_ZONE=@@TIME_ZONE */;
/*!40103 SET TIME_ZONE='+00:00' */;
/*!40014 SET @OLD_UNIQUE_CHECKS=@@UNIQUE_CHECKS, UNIQUE_CHECKS=0 */;
/*!40014 SET @OLD_FOREIGN_KEY_CHECKS=@@FOREIGN_KEY_CHECKS, FOREIGN_KEY_CHECKS=0 */;
/*!40101 SET @OLD_SQL_MODE=@@SQL_MODE, SQL_MODE='NO_AUTO_VALUE_ON_ZERO' */;
/*!40111 SET @OLD_SQL_NOTES=@@SQL_NOTES, SQL_NOTES=0 */;

--
-- Table structure for table `adminweb`
--

DROP TABLE IF EXISTS `adminweb`;
/*!40101 SET @saved_cs_client     = @@character_set_client */;
/*!50503 SET character_set_client = utf8mb4 */;
CREATE TABLE `adminweb` (
  `id` int NOT NULL AUTO_INCREMENT,
  `email` varchar(100) NOT NULL,
  `password` varchar(200) NOT NULL,
  `create_at` datetime DEFAULT CURRENT_TIMESTAMP,
  PRIMARY KEY (`id`),
  UNIQUE KEY `email` (`email`)
) ENGINE=InnoDB AUTO_INCREMENT=7 DEFAULT CHARSET=utf8mb4 COLLATE=utf8mb4_0900_ai_ci;
/*!40101 SET character_set_client = @saved_cs_client */;

--
-- Dumping data for table `adminweb`
--

LOCK TABLES `adminweb` WRITE;
/*!40000 ALTER TABLE `adminweb` DISABLE KEYS */;
INSERT INTO `adminweb` VALUES (3,'admin@gmail.com','$2y$10$J.beQik0ixDGUfdJxAVLLeQnzgb7Nu8LwHxbjvC.J.MAN074Q0jjK','2024-12-05 19:08:13'),(5,'duongvq392@gmail.com','$2y$10$J.beQik0ixDGUfdJxAVLLeQnzgb7Nu8LwHxbjvC.J.MAN074Q0jjK','2024-12-06 01:11:08');
/*!40000 ALTER TABLE `adminweb` ENABLE KEYS */;
UNLOCK TABLES;

--
-- Table structure for table `cart`
--

DROP TABLE IF EXISTS `cart`;
/*!40101 SET @saved_cs_client     = @@character_set_client */;
/*!50503 SET character_set_client = utf8mb4 */;
CREATE TABLE `cart` (
  `id` int NOT NULL AUTO_INCREMENT,
  `product_id` int NOT NULL,
  `product_name` varchar(255) NOT NULL,
  `price` decimal(10,2) NOT NULL,
  `old_price` decimal(10,2) NOT NULL,
  `image_url` varchar(255) DEFAULT NULL,
  `color` varchar(100) DEFAULT NULL,
  `size_product` varchar(100) DEFAULT NULL,
  `quantity` int DEFAULT '1',
  `created_at` timestamp NULL DEFAULT CURRENT_TIMESTAMP,
  PRIMARY KEY (`id`),
  KEY `product_id` (`product_id`),
  CONSTRAINT `cart_ibfk_1` FOREIGN KEY (`product_id`) REFERENCES `products` (`id`)
) ENGINE=InnoDB DEFAULT CHARSET=utf8mb4 COLLATE=utf8mb4_0900_ai_ci;
/*!40101 SET character_set_client = @saved_cs_client */;

--
-- Dumping data for table `cart`
--

LOCK TABLES `cart` WRITE;
/*!40000 ALTER TABLE `cart` DISABLE KEYS */;
/*!40000 ALTER TABLE `cart` ENABLE KEYS */;
UNLOCK TABLES;

--
-- Table structure for table `categories`
--

DROP TABLE IF EXISTS `categories`;
/*!40101 SET @saved_cs_client     = @@character_set_client */;
/*!50503 SET character_set_client = utf8mb4 */;
CREATE TABLE `categories` (
  `id` int NOT NULL AUTO_INCREMENT,
  `name` varchar(100) NOT NULL,
  `image` varchar(255) DEFAULT NULL,
  `description` text,
  `create_at` datetime DEFAULT CURRENT_TIMESTAMP,
  `update_at` datetime DEFAULT CURRENT_TIMESTAMP ON UPDATE CURRENT_TIMESTAMP,
  PRIMARY KEY (`id`)
) ENGINE=InnoDB AUTO_INCREMENT=19 DEFAULT CHARSET=utf8mb4 COLLATE=utf8mb4_0900_ai_ci;
/*!40101 SET character_set_client = @saved_cs_client */;

--
-- Dumping data for table `categories`
--

LOCK TABLES `categories` WRITE;
/*!40000 ALTER TABLE `categories` DISABLE KEYS */;
INSERT INTO `categories` VALUES (2,'Bộ Nỉ','uploads/categories/cate_boNi.webp','Bộ Nỉ','2024-12-13 08:07:29','2024-12-13 14:07:29'),(3,'Áo Khoác','uploads/categories/cate_aoKhoac.webp','Áo Khoác','2024-12-12 11:10:33','2024-12-12 11:10:33'),(6,'Sơ mi','uploads/categories/cate_soMi.webp','Sơ mi','2024-12-12 11:13:49','2024-12-12 11:13:49'),(7,'Áo Polo','uploads/categories/cate_aoPolo.webp','Áo polo','2024-12-12 11:14:23','2024-12-12 11:14:23'),(8,'Quần Kaki','uploads/categories/cate_quanKaki.webp','Quần Kaki','2024-12-12 11:43:12','2024-12-12 11:43:12'),(10,'Áo thun','uploads/categories/cate_aoThun.webp','Áo thun','2024-12-12 11:52:05','2024-12-12 11:52:05'),(14,'Quần Jeans','uploads/categories/cate_quanJean.webp','Quần Jeans','2024-12-13 08:08:26','2024-12-13 08:08:26'),(15,'Quần Short','uploads/categories/cate_quanShort.jpg','Quần Short','2024-12-13 08:08:55','2024-12-13 08:08:55'),(16,'Áo Len','uploads/categories/cate_aoLen.webp','Áo Len','2024-12-13 08:09:48','2024-12-13 08:09:48'),(17,'Quần Âu','uploads/categories/cate_quanAu.webp','Quần Âu','2024-12-13 08:10:20','2024-12-13 08:10:20'),(18,'Áo Blaze','uploads/categories/cate_aoBlaze.webp','Áo Blaze','2024-12-13 08:11:16','2024-12-13 08:11:16');
/*!40000 ALTER TABLE `categories` ENABLE KEYS */;
UNLOCK TABLES;

--
-- Table structure for table `logintoken`
--

DROP TABLE IF EXISTS `logintoken`;
/*!40101 SET @saved_cs_client     = @@character_set_client */;
/*!50503 SET character_set_client = utf8mb4 */;
CREATE TABLE `logintoken` (
  `id` int NOT NULL AUTO_INCREMENT,
  `user_Id` int NOT NULL,
  `token` varchar(100) NOT NULL,
  `create_at` datetime DEFAULT CURRENT_TIMESTAMP,
  PRIMARY KEY (`id`),
  KEY `fk_loginToken_user` (`user_Id`)
) ENGINE=InnoDB AUTO_INCREMENT=27 DEFAULT CHARSET=utf8mb4 COLLATE=utf8mb4_0900_ai_ci;
/*!40101 SET character_set_client = @saved_cs_client */;

--
-- Dumping data for table `logintoken`
--

LOCK TABLES `logintoken` WRITE;
/*!40000 ALTER TABLE `logintoken` DISABLE KEYS */;
INSERT INTO `logintoken` VALUES (10,1,'07c3b14954da3b9ea4d9dd713e69459291b39c44','2024-12-06 04:04:26'),(11,1,'ba57cacb86a36949054d38b8d528e4daf0272abe','2024-12-06 11:31:29'),(12,1,'13cdcb3bf9048485e81c52382d5efe4b19b751c7','2024-12-06 16:46:08'),(13,1,'7d91ecb923ae3bab888823d11d815665684e8a99','2024-12-07 08:30:36'),(14,1,'37dbfdae839df00f3f4b14bfd172f4e4874abf8b','2024-12-07 09:42:31'),(15,1,'713d2fea995d7e49663adf7899d612dcf01f18fd','2024-12-07 10:56:21'),(16,1,'350d3f5af396d05ffde25d32499d3cd163bba09c','2024-12-09 11:39:20'),(17,1,'7aa5f395275cf724f5388f45ae20220569ec5687','2024-12-11 06:22:55'),(18,1,'3815fa37fb7227e579c91a6a9393885b8431a236','2024-12-11 11:05:09'),(20,3,'494ed90de0e1079f601e31423161ad8631276af8','2024-12-12 10:51:16'),(21,1,'5d03e7211e0ef14b1f69b9a5652d5d1650bf5bc5','2024-12-14 01:23:24'),(22,3,'567673d5666dc1ddc156f8b22fd0fa367640b153','2024-12-14 04:56:23'),(23,3,'b339404b02c706a835277bcb2db12ea08ca35566','2024-12-16 06:42:14'),(24,1,'7a75a61d0bdf48773ecc46d08e3e751c8ef0015b','2024-12-17 11:00:11'),(25,1,'ad6154d8d47d4cf76eeb745a3e26e744d2c0903a','2024-12-18 03:50:59'),(26,1,'85587befe9994b1c6f3d4d32b9dfa4697e2b6dcf','2024-12-19 03:34:53');
/*!40000 ALTER TABLE `logintoken` ENABLE KEYS */;
UNLOCK TABLES;

--
-- Table structure for table `product_colors`
--

DROP TABLE IF EXISTS `product_colors`;
/*!40101 SET @saved_cs_client     = @@character_set_client */;
/*!50503 SET character_set_client = utf8mb4 */;
CREATE TABLE `product_colors` (
  `id` int NOT NULL AUTO_INCREMENT,
  `product_id` int NOT NULL,
  `color_name` varchar(100) NOT NULL,
  `created_at` datetime DEFAULT CURRENT_TIMESTAMP,
  PRIMARY KEY (`id`),
  KEY `product_id` (`product_id`),
  CONSTRAINT `product_colors_ibfk_1` FOREIGN KEY (`product_id`) REFERENCES `products` (`id`) ON DELETE CASCADE
) ENGINE=InnoDB AUTO_INCREMENT=344 DEFAULT CHARSET=utf8mb4 COLLATE=utf8mb4_0900_ai_ci;
/*!40101 SET character_set_client = @saved_cs_client */;

--
-- Dumping data for table `product_colors`
--

LOCK TABLES `product_colors` WRITE;
/*!40000 ALTER TABLE `product_colors` DISABLE KEYS */;
INSERT INTO `product_colors` VALUES (37,32,'Xanh da trời đậm','2024-12-14 16:32:07'),(38,33,'Đen','2024-12-14 16:33:39'),(39,34,'Xanh da trời đậm','2024-12-14 16:35:23'),(40,35,'Xanh da trời đậm','2024-12-14 16:37:04'),(41,36,'Đen, Dark Navy, Trắng kem đậm','2024-12-14 16:39:06'),(42,37,'Xanh da trời đậm, Đen, Dark Navy, Xám nhạt, Trắng kem đậm','2024-12-14 16:41:02'),(43,38,'Xanh navy, Xám nhạt, Đen','2024-12-14 16:42:32'),(44,39,'Đen, Xanh navy, Xanh cổ vịt, Be đậm, Trắng kem, Trắng','2024-12-14 16:44:42'),(45,40,'Be đậm, Phối Xám - Be, Xanh rêu nhạt, Xám, Xanh navy, Đen','2024-12-14 16:47:01'),(46,41,'Trắng kem đậm','2024-12-14 16:48:07'),(47,42,'Xanh đá đạm, Xám, Dark Navy, Đen','2024-12-16 13:30:15'),(52,44,'Trắng kem, Đen','2024-12-16 13:38:01'),(53,45,'Đen, Trắng','2024-12-16 13:39:44'),(54,46,'Xanh đá đậm, Xanh nhạt, Dark Navy, Đen','2024-12-16 13:41:47'),(55,47,'Xanh rêu, Be, Đen, Xanh Navy, Xám nhạt, Trắng kem, Trắng','2024-12-16 13:43:34'),(56,48,'Xanh đá đạm, Đem, Dark Navy','2024-12-16 13:45:01'),(57,49,'Xanh rêu nhạt, Đen, Dark Navy, Xám, Be, Trắng kem','2024-12-16 13:46:18'),(73,63,'Đen','2024-12-16 14:11:20'),(74,64,'Xanh đá đậm','2024-12-16 16:09:00'),(75,65,'Đen','2024-12-16 16:10:08'),(76,66,'Xám nhạt, Xanh rêu đậm, Be, Dark, Navy, Đen, Xanh đá đậm, Xám đậm','2024-12-16 16:14:18'),(77,67,'Xám nhạt, Xanh rêu đậm, Be, Dark, Navy, Đen, Xanh đá đậm, Xám đậm','2024-12-16 16:15:24'),(78,68,'Xám nhạt, Xanh rêu đậm, Be, Dark, Navy, Đen, Xanh đá đậm, Xám đậm','2024-12-16 16:16:50'),(79,69,'Dark Navy, Be, Xanh đậm, Đen','2024-12-16 16:20:38'),(80,70,'Xanh đá','2024-12-16 16:23:36'),(81,71,'Xanh nhạt','2024-12-16 16:25:13'),(82,72,'Phối đen-trắng kem','2024-12-16 16:28:56'),(83,73,'Đen, Trắng','2024-12-16 16:29:57'),(84,74,'Xám nhạt','2024-12-16 16:30:48'),(85,75,'Phối đen-trăng, phối xanh lá cây-trắng','2024-12-16 16:32:34'),(86,76,'Xanh rêu nhạt, Trắng kem, Trắng','2024-12-16 16:34:16'),(87,77,'Xanh đá nhạt, Trắng kem đậm, Trắng','2024-12-16 16:36:39'),(88,78,'Dark Navy, Xanh da trời, Xanh đá nhạt, Trắng kem, Trắng','2024-12-16 16:38:30'),(89,79,'Xám nhạt, Xanh da trời nhạt, Xanh ngọc, Xanh navy, Hồng, Trắng kem, Trắng','2024-12-16 16:41:14'),(202,50,'Đen','2024-12-17 17:32:55'),(203,51,'Đen','2024-12-17 17:35:01'),(204,51,'Nâu nhạt','2024-12-17 17:35:01'),(205,52,'Đen','2024-12-17 17:35:30'),(206,52,'Xám','2024-12-17 17:35:30'),(207,52,'Be nhạt','2024-12-17 17:35:30'),(208,52,'Xanh navy','2024-12-17 17:35:30'),(209,52,'Be','2024-12-17 17:35:30'),(210,53,'Xanh nhạt','2024-12-17 17:36:19'),(211,53,'Xanh đá đậm','2024-12-17 17:36:19'),(212,53,'Xanh navy','2024-12-17 17:36:19'),(213,53,'Dark Navy','2024-12-17 17:36:19'),(214,53,'Đen','2024-12-17 17:36:19'),(215,54,'Xám nhạt','2024-12-17 17:36:51'),(216,54,'Xanh rêu đậm','2024-12-17 17:36:51'),(217,54,'Be','2024-12-17 17:36:51'),(218,54,'Dark','2024-12-17 17:36:51'),(219,54,'Navy','2024-12-17 17:36:52'),(220,54,'Đen','2024-12-17 17:36:52'),(221,54,'Xanh đá đậm','2024-12-17 17:36:52'),(222,54,'Xám đậm','2024-12-17 17:36:52'),(223,55,'Be nhạt','2024-12-17 17:37:52'),(224,55,'Đen','2024-12-17 17:37:52'),(225,57,'Nâu','2024-12-17 17:38:13'),(226,56,'Xanh rêu','2024-12-17 17:38:33'),(227,56,'Xanh Navy','2024-12-17 17:38:33'),(228,56,'Đen','2024-12-17 17:38:33'),(229,56,'Xám','2024-12-17 17:38:33'),(230,58,'Dark Navy','2024-12-17 17:39:34'),(231,58,'Be nhạt','2024-12-17 17:39:34'),(232,58,'Xanh đá đậm','2024-12-17 17:39:34'),(233,58,'Xám nhạt','2024-12-17 17:39:34'),(234,58,'Xanh navy','2024-12-17 17:39:34'),(235,58,'Đen','2024-12-17 17:39:34'),(236,59,'Dark Navy','2024-12-17 17:40:12'),(237,59,'Be nhạt','2024-12-17 17:40:12'),(238,59,'Xanh đá đậm','2024-12-17 17:40:12'),(239,59,'Xám nhạt','2024-12-17 17:40:12'),(240,59,'Xanh navy','2024-12-17 17:40:12'),(241,59,'Đen','2024-12-17 17:40:12'),(242,61,'Đen','2024-12-17 17:40:59'),(243,61,'Be','2024-12-17 17:40:59'),(244,62,'Be','2024-12-17 17:41:22'),(245,23,'Xanh Navy','2024-12-17 17:42:30'),(246,23,'Xám nhạt','2024-12-17 17:42:30'),(247,23,'Đen nhạt','2024-12-17 17:42:30'),(248,23,'Xanh đậm','2024-12-17 17:42:30'),(249,23,'Đen','2024-12-17 17:42:30'),(250,43,'Dark Navy','2024-12-17 17:43:17'),(251,43,'Đen','2024-12-17 17:43:17'),(252,43,'Trắng kem','2024-12-17 17:43:17'),(253,60,'Nâu nhạt','2024-12-17 17:44:44'),(254,60,'Đen','2024-12-17 17:44:44'),(255,60,'Nâu','2024-12-17 17:44:44'),(256,60,'Be','2024-12-17 17:44:44'),(257,103,'Dark Navy','2024-12-17 17:46:04'),(258,103,'Trắng','2024-12-17 17:46:04'),(259,102,'Dark Navy','2024-12-17 17:46:20'),(260,102,'Trắng kem','2024-12-17 17:46:20'),(261,101,'Dark Navy','2024-12-17 17:46:31'),(262,101,'Trắng kem','2024-12-17 17:46:31'),(263,100,'Đen','2024-12-17 17:46:44'),(264,99,'Trắng','2024-12-17 17:46:53'),(265,98,'Trắng kem','2024-12-17 17:47:06'),(266,97,'Đen','2024-12-17 17:47:17'),(267,97,'Trắng','2024-12-17 17:47:17'),(268,97,'Xanh đá đậm','2024-12-17 17:47:17'),(269,96,'Đen','2024-12-17 17:47:25'),(270,95,'Xám','2024-12-17 17:47:35'),(277,94,'Xanh rêu nhạt','2024-12-17 17:48:20'),(278,94,'Đen','2024-12-17 17:48:20'),(279,94,'Dark Navy','2024-12-17 17:48:20'),(280,94,'Xám','2024-12-17 17:48:20'),(281,94,'Be','2024-12-17 17:48:20'),(282,94,'Trắng kem','2024-12-17 17:48:20'),(283,93,'Phối xám đậm - Trắng','2024-12-17 17:48:59'),(284,92,'Phối Navy - Trắng kem','2024-12-17 17:49:18'),(285,91,'Phối kem đậm - Trắng','2024-12-17 17:49:27'),(286,90,'Trắng kem đậm','2024-12-17 17:49:42'),(287,83,'Nâu nhạt','2024-12-17 17:50:15'),(288,83,'Đen','2024-12-17 17:50:15'),(289,83,'Trắng','2024-12-17 17:50:15'),(290,89,'Trắng','2024-12-17 17:51:13'),(291,89,'Dark Navy','2024-12-17 17:51:13'),(292,88,'Phối nâu nhạt-Trắng','2024-12-17 17:51:26'),(293,87,'Trắng','2024-12-17 17:51:43'),(294,86,'Phối kem - navy','2024-12-17 17:51:56'),(295,86,'Phối trăng - Đen','2024-12-17 17:51:56'),(296,85,'Phối Navy - Trắng kem','2024-12-17 17:52:25'),(299,80,'Xanh da trời phai','2024-12-17 17:52:58'),(300,80,'Trắng','2024-12-17 17:52:58'),(301,80,'Xanh navy','2024-12-17 17:52:58'),(302,80,'Đen','2024-12-17 17:52:58'),(303,81,'Trắng','2024-12-17 17:53:20'),(304,82,'Dark Navy','2024-12-17 17:54:16'),(305,82,'Trắng','2024-12-17 17:54:16'),(306,84,'Dark Navy','2024-12-18 01:25:51'),(307,84,'Trắng','2024-12-18 01:25:51'),(308,21,'Đen','2024-12-19 10:33:00'),(309,22,'Xanh Navy','2024-12-19 11:13:15'),(310,22,'Xám nhạt','2024-12-19 11:13:15'),(311,22,'Đen nhạt','2024-12-19 11:13:15'),(312,22,'Xanh đậm','2024-12-19 11:13:15'),(313,22,'Đen','2024-12-19 11:13:15'),(314,24,'Xanh Navy','2024-12-19 11:13:49'),(315,24,'Xám nhạt','2024-12-19 11:13:49'),(316,24,'Đen nhạt','2024-12-19 11:13:49'),(317,24,'Xanh đậm','2024-12-19 11:13:49'),(318,24,'Đen','2024-12-19 11:13:49'),(319,24,'Xanh đá đậm','2024-12-19 11:13:49'),(320,25,'Dark Navy','2024-12-19 11:14:14'),(321,25,'Đen','2024-12-19 11:14:14'),(322,25,'Đen nhạt','2024-12-19 11:14:14'),(323,25,'Xám','2024-12-19 11:14:14'),(324,25,'Be','2024-12-19 11:14:14'),(325,26,'Xám','2024-12-19 11:14:37'),(326,26,'Xanh rêu','2024-12-19 11:14:37'),(327,26,'Xanh đá đậm','2024-12-19 11:14:37'),(328,26,'Đen','2024-12-19 11:14:37'),(329,27,'Đen','2024-12-19 11:15:09'),(330,27,'Xám','2024-12-19 11:15:09'),(331,28,'Xám','2024-12-19 11:15:43'),(332,29,'Dark Navy','2024-12-19 11:16:06'),(333,29,'Xanh da trời đậm','2024-12-19 11:16:06'),(334,29,'Xanh da trời nhạt','2024-12-19 11:16:06'),(335,30,'Xám nhạt','2024-12-19 11:16:43'),(336,30,'Đen nhạt','2024-12-19 11:16:43'),(337,30,'Dark Navy','2024-12-19 11:16:43'),(338,30,'Xám đậm','2024-12-19 11:16:43'),(339,30,'Xanh da trời đậm','2024-12-19 11:16:43'),(340,30,'Xanh da trời','2024-12-19 11:16:43'),(341,30,'Đen','2024-12-19 11:16:43'),(342,31,'Xanh da trời đậm','2024-12-19 11:17:03'),(343,31,'Xanh da trời','2024-12-19 11:17:03');
/*!40000 ALTER TABLE `product_colors` ENABLE KEYS */;
UNLOCK TABLES;

--
-- Table structure for table `product_images`
--

DROP TABLE IF EXISTS `product_images`;
/*!40101 SET @saved_cs_client     = @@character_set_client */;
/*!50503 SET character_set_client = utf8mb4 */;
CREATE TABLE `product_images` (
  `id` int NOT NULL AUTO_INCREMENT,
  `product_id` int NOT NULL,
  `image_url` varchar(255) NOT NULL,
  `is_main` tinyint(1) DEFAULT '0',
  `created_at` datetime DEFAULT CURRENT_TIMESTAMP,
  PRIMARY KEY (`id`),
  KEY `product_id` (`product_id`),
  CONSTRAINT `product_images_ibfk_1` FOREIGN KEY (`product_id`) REFERENCES `products` (`id`) ON DELETE CASCADE
) ENGINE=InnoDB AUTO_INCREMENT=101 DEFAULT CHARSET=utf8mb4 COLLATE=utf8mb4_0900_ai_ci;
/*!40101 SET character_set_client = @saved_cs_client */;

--
-- Dumping data for table `product_images`
--

LOCK TABLES `product_images` WRITE;
/*!40000 ALTER TABLE `product_images` DISABLE KEYS */;
INSERT INTO `product_images` VALUES (15,21,'uploads/products/675cd2b8c65d5.webp',1,'2024-12-14 07:35:04'),(16,22,'uploads/products/675cd3ca98566.jpg',1,'2024-12-14 07:39:38'),(18,24,'uploads/products/675cd5a051f80.webp',1,'2024-12-14 07:47:28'),(19,25,'uploads/products/675cd62c5ea22.jpg',1,'2024-12-14 07:49:48'),(20,26,'uploads/products/675cd6be79fd1.webp',1,'2024-12-14 07:52:14'),(21,23,'uploads/products/675cd72e72760.webp',1,'2024-12-14 07:54:06'),(22,27,'uploads/products/675cd7d536531.jpg',1,'2024-12-14 07:56:53'),(23,28,'uploads/products/675cd8893b509.webp',1,'2024-12-14 07:59:53'),(24,29,'uploads/products/675d4ef328a2c.jpg',1,'2024-12-14 16:25:07'),(25,30,'uploads/products/675d4fa6ce423.jpg',1,'2024-12-14 16:28:06'),(26,31,'uploads/products/675d5035cdf2d.jpg',1,'2024-12-14 16:30:29'),(27,32,'uploads/products/675d5097b77cc.webp',1,'2024-12-14 16:32:07'),(28,33,'uploads/products/675d50f3b69f2.webp',1,'2024-12-14 16:33:39'),(29,34,'uploads/products/675d515bdd28b.webp',1,'2024-12-14 16:35:23'),(30,35,'uploads/products/675d51c0a6e5b.webp',1,'2024-12-14 16:37:04'),(31,36,'uploads/products/675d523a5ed80.webp',1,'2024-12-14 16:39:06'),(32,37,'uploads/products/675d52ae4ba07.webp',1,'2024-12-14 16:41:02'),(33,38,'uploads/products/675d5308d2bbe.webp',1,'2024-12-14 16:42:32'),(34,39,'uploads/products/675d538aa9fe6.webp',1,'2024-12-14 16:44:42'),(35,40,'uploads/products/675d5415b3a20.webp',1,'2024-12-14 16:47:01'),(36,41,'uploads/products/675d545705fa5.webp',1,'2024-12-14 16:48:07'),(37,42,'uploads/products/675fc8f751ff3.webp',1,'2024-12-16 13:30:15'),(39,43,'uploads/products/675fca1b19ef8.webp',1,'2024-12-16 13:35:07'),(40,44,'uploads/products/675fcac9bc66d.webp',1,'2024-12-16 13:38:01'),(41,45,'uploads/products/675fcb30b6465.webp',1,'2024-12-16 13:39:44'),(42,46,'uploads/products/675fcbab37850.webp',1,'2024-12-16 13:41:47'),(43,47,'uploads/products/675fcc1691b5d.webp',1,'2024-12-16 13:43:34'),(44,48,'uploads/products/675fcc6dba2a1.jpg',1,'2024-12-16 13:45:01'),(45,49,'uploads/products/675fccba0d61e.webp',1,'2024-12-16 13:46:18'),(46,50,'uploads/products/675fcd1cd1bb9.webp',1,'2024-12-16 13:47:56'),(48,51,'uploads/products/675fcdbb4d210.webp',1,'2024-12-16 13:50:35'),(49,52,'uploads/products/675fcea841fe5.webp',1,'2024-12-16 13:54:32'),(50,53,'uploads/products/675fcef7d6b61.webp',1,'2024-12-16 13:55:51'),(51,54,'uploads/products/675fcf9068c62.webp',1,'2024-12-16 13:58:24'),(52,55,'uploads/products/675fcfd8dbcea.webp',1,'2024-12-16 13:59:36'),(53,56,'uploads/products/675fd02830acb.webp',1,'2024-12-16 14:00:56'),(54,57,'uploads/products/675fd0678e8c3.webp',1,'2024-12-16 14:01:59'),(55,58,'uploads/products/675fd0b0c5fea.webp',1,'2024-12-16 14:03:12'),(56,59,'uploads/products/675fd0f869797.jpg',1,'2024-12-16 14:04:24'),(57,60,'uploads/products/675fd13f9b397.webp',1,'2024-12-16 14:05:35'),(58,61,'uploads/products/675fd18bc2253.webp',1,'2024-12-16 14:06:51'),(59,62,'uploads/products/675fd23fcf5de.webp',1,'2024-12-16 14:09:51'),(60,63,'uploads/products/675fd2989e162.webp',1,'2024-12-16 14:11:20'),(61,64,'uploads/products/675fee2cd3211.webp',1,'2024-12-16 16:09:00'),(62,65,'uploads/products/675fee70e032c.webp',1,'2024-12-16 16:10:08'),(63,66,'uploads/products/675fef6a573e6.jpg',1,'2024-12-16 16:14:18'),(64,67,'uploads/products/675fefac89c5c.jpg',1,'2024-12-16 16:15:24'),(65,68,'uploads/products/675ff002f2a63.jpg',1,'2024-12-16 16:16:50'),(66,69,'uploads/products/675ff0e63ba72.jpg',1,'2024-12-16 16:20:38'),(67,70,'uploads/products/675ff198ba983.webp',1,'2024-12-16 16:23:36'),(68,71,'uploads/products/675ff1f9d35a7.jpg',1,'2024-12-16 16:25:13'),(69,72,'uploads/products/675ff2d8804c3.webp',1,'2024-12-16 16:28:56'),(70,73,'uploads/products/675ff3155213e.webp',1,'2024-12-16 16:29:57'),(71,74,'uploads/products/675ff34829b11.webp',1,'2024-12-16 16:30:48'),(72,75,'uploads/products/675ff3b286a0e.webp',1,'2024-12-16 16:32:34'),(73,76,'uploads/products/675ff4183d833.webp',1,'2024-12-16 16:34:16'),(74,77,'uploads/products/675ff4a79ec3c.webp',1,'2024-12-16 16:36:39'),(75,78,'uploads/products/675ff51684a14.webp',1,'2024-12-16 16:38:30'),(76,79,'uploads/products/675ff5baa54ce.webp',1,'2024-12-16 16:41:14'),(77,80,'uploads/products/675ff628989f9.webp',1,'2024-12-16 16:43:04'),(78,81,'uploads/products/675ff65c509cf.webp',1,'2024-12-16 16:43:56'),(79,82,'uploads/products/675ff7135be3d.webp',1,'2024-12-16 16:46:59'),(80,83,'uploads/products/675ff7814fa7d.webp',1,'2024-12-16 16:48:49'),(81,84,'uploads/products/675ff96d6b7cd.webp',1,'2024-12-16 16:57:01'),(82,85,'uploads/products/675ffa17daed7.jpg',1,'2024-12-16 16:59:51'),(83,86,'uploads/products/6760009111775.webp',1,'2024-12-16 17:27:29'),(84,87,'uploads/products/67600213adc3f.webp',1,'2024-12-16 17:33:55'),(85,88,'uploads/products/676006962c9b7.webp',1,'2024-12-16 17:53:10'),(86,89,'uploads/products/6760250c9bd12.webp',1,'2024-12-16 20:03:08'),(87,90,'uploads/products/676025d6b250c.jpg',1,'2024-12-16 20:06:30'),(88,91,'uploads/products/6760261382cbb.jpg',1,'2024-12-16 20:07:31'),(89,92,'uploads/products/6760264f159d4.jpg',1,'2024-12-16 20:08:31'),(90,93,'uploads/products/6760268a1fdbb.jpg',1,'2024-12-16 20:09:30'),(91,94,'uploads/products/67602716d6998.jpg',1,'2024-12-16 20:11:50'),(92,95,'uploads/products/676027892eec5.webp',1,'2024-12-16 20:13:45'),(93,96,'uploads/products/676027ed99ce9.webp',1,'2024-12-16 20:15:25'),(94,97,'uploads/products/67602848d038a.webp',1,'2024-12-16 20:16:56'),(95,98,'uploads/products/6760288e9ed69.webp',1,'2024-12-16 20:18:06'),(96,99,'uploads/products/676028e67addc.webp',1,'2024-12-16 20:19:34'),(97,100,'uploads/products/6760295ad83f5.webp',1,'2024-12-16 20:21:30'),(98,101,'uploads/products/676029deb7e98.webp',1,'2024-12-16 20:23:42'),(99,102,'uploads/products/67602a1d315d3.webp',1,'2024-12-16 20:24:45'),(100,103,'uploads/products/67602a644b752.webp',1,'2024-12-16 20:25:56');
/*!40000 ALTER TABLE `product_images` ENABLE KEYS */;
UNLOCK TABLES;

--
-- Table structure for table `product_sizes`
--

DROP TABLE IF EXISTS `product_sizes`;
/*!40101 SET @saved_cs_client     = @@character_set_client */;
/*!50503 SET character_set_client = utf8mb4 */;
CREATE TABLE `product_sizes` (
  `id` int NOT NULL AUTO_INCREMENT,
  `product_id` int NOT NULL,
  `size_name` varchar(50) NOT NULL,
  `created_at` datetime DEFAULT CURRENT_TIMESTAMP,
  PRIMARY KEY (`id`),
  KEY `product_id` (`product_id`),
  CONSTRAINT `product_sizes_ibfk_1` FOREIGN KEY (`product_id`) REFERENCES `products` (`id`) ON DELETE CASCADE
) ENGINE=InnoDB AUTO_INCREMENT=404 DEFAULT CHARSET=utf8mb4 COLLATE=utf8mb4_0900_ai_ci;
/*!40101 SET character_set_client = @saved_cs_client */;

--
-- Dumping data for table `product_sizes`
--

LOCK TABLES `product_sizes` WRITE;
/*!40000 ALTER TABLE `product_sizes` DISABLE KEYS */;
INSERT INTO `product_sizes` VALUES (43,32,'29, 30, 31, 32, 33','2024-12-14 16:32:07'),(44,33,'29, 30, 31, 32, 33','2024-12-14 16:33:39'),(45,34,'29, 30, 31, 32, 33','2024-12-14 16:35:23'),(46,35,'29, 30, 31, 32, 33','2024-12-14 16:37:04'),(47,36,'29, 30, 31, 32, 33','2024-12-14 16:39:06'),(48,37,'29, 30, 31, 32, 33','2024-12-14 16:41:02'),(49,38,'29, 30, 31, 32, 33','2024-12-14 16:42:32'),(50,39,'29, 30, 31, 32, 33','2024-12-14 16:44:42'),(51,40,'29, 30, 31, 32, 33','2024-12-14 16:47:01'),(52,41,'29, 30, 31, 32, 33','2024-12-14 16:48:07'),(53,42,'S, M, L','2024-12-16 13:30:15'),(58,44,'S, M, L','2024-12-16 13:38:01'),(59,45,'S, M, L','2024-12-16 13:39:44'),(60,46,'S, M, L','2024-12-16 13:41:47'),(61,47,'S, M, L','2024-12-16 13:43:34'),(62,48,'S, M, L','2024-12-16 13:45:01'),(63,49,'S, M, L','2024-12-16 13:46:18'),(80,63,'S, M, L','2024-12-16 14:11:20'),(81,64,'S, M, L','2024-12-16 16:09:00'),(82,65,'S, M, L','2024-12-16 16:10:08'),(83,66,'S, M, L','2024-12-16 16:14:18'),(84,67,'S, M, L','2024-12-16 16:15:24'),(85,68,'S, M, L','2024-12-16 16:16:51'),(86,69,'S, M, L','2024-12-16 16:20:38'),(87,70,'S, M, L','2024-12-16 16:23:36'),(88,71,'S, M, L','2024-12-16 16:25:13'),(89,72,'S, M, L','2024-12-16 16:28:56'),(90,73,'S, M, L','2024-12-16 16:29:57'),(91,74,'S, M, L','2024-12-16 16:30:48'),(92,75,'S, M, L','2024-12-16 16:32:34'),(93,76,'S, M, L','2024-12-16 16:34:16'),(94,77,'S, M, L','2024-12-16 16:36:39'),(95,78,'S, M, L','2024-12-16 16:38:30'),(96,79,'S, M, L','2024-12-16 16:41:14'),(229,50,'S','2024-12-17 17:32:55'),(230,50,'M','2024-12-17 17:32:55'),(231,50,'L','2024-12-17 17:32:55'),(232,51,'S','2024-12-17 17:35:01'),(233,51,'M','2024-12-17 17:35:01'),(234,51,'L','2024-12-17 17:35:01'),(235,52,'S','2024-12-17 17:35:30'),(236,52,'M','2024-12-17 17:35:30'),(237,52,'L','2024-12-17 17:35:30'),(238,53,'S','2024-12-17 17:36:19'),(239,53,'M','2024-12-17 17:36:19'),(240,53,'L','2024-12-17 17:36:19'),(241,54,'S','2024-12-17 17:36:52'),(242,54,'M','2024-12-17 17:36:52'),(243,54,'L','2024-12-17 17:36:52'),(244,55,'S','2024-12-17 17:37:52'),(245,55,'M','2024-12-17 17:37:52'),(246,55,'L','2024-12-17 17:37:52'),(247,57,'S','2024-12-17 17:38:13'),(248,57,'M','2024-12-17 17:38:13'),(249,57,'L','2024-12-17 17:38:13'),(250,56,'S','2024-12-17 17:38:33'),(251,56,'M','2024-12-17 17:38:33'),(252,56,'L','2024-12-17 17:38:33'),(253,58,'S','2024-12-17 17:39:34'),(254,58,'M','2024-12-17 17:39:34'),(255,58,'L','2024-12-17 17:39:34'),(256,59,'S','2024-12-17 17:40:12'),(257,59,'M','2024-12-17 17:40:12'),(258,59,'L','2024-12-17 17:40:12'),(259,61,'S','2024-12-17 17:40:59'),(260,61,'M','2024-12-17 17:40:59'),(261,61,'L','2024-12-17 17:40:59'),(262,62,'S','2024-12-17 17:41:22'),(263,62,'M','2024-12-17 17:41:22'),(264,62,'L','2024-12-17 17:41:22'),(265,23,'29','2024-12-17 17:42:30'),(266,23,'30','2024-12-17 17:42:30'),(267,23,'31','2024-12-17 17:42:30'),(268,23,'32','2024-12-17 17:42:30'),(269,23,'33','2024-12-17 17:42:30'),(270,43,'S','2024-12-17 17:43:17'),(271,43,'M','2024-12-17 17:43:17'),(272,43,'L','2024-12-17 17:43:17'),(273,60,'S','2024-12-17 17:44:44'),(274,60,'M','2024-12-17 17:44:44'),(275,60,'L','2024-12-17 17:44:44'),(276,103,'S','2024-12-17 17:46:04'),(277,103,'M','2024-12-17 17:46:04'),(278,103,'L','2024-12-17 17:46:04'),(279,102,'S','2024-12-17 17:46:20'),(280,102,'M','2024-12-17 17:46:20'),(281,102,'L','2024-12-17 17:46:20'),(282,101,'S','2024-12-17 17:46:31'),(283,101,'M','2024-12-17 17:46:31'),(284,101,'L','2024-12-17 17:46:31'),(285,100,'S','2024-12-17 17:46:44'),(286,100,'M','2024-12-17 17:46:44'),(287,100,'L','2024-12-17 17:46:44'),(288,99,'S','2024-12-17 17:46:53'),(289,99,'M','2024-12-17 17:46:53'),(290,99,'L','2024-12-17 17:46:53'),(291,98,'S','2024-12-17 17:47:06'),(292,98,'M','2024-12-17 17:47:06'),(293,98,'L','2024-12-17 17:47:06'),(294,97,'S','2024-12-17 17:47:17'),(295,97,'M','2024-12-17 17:47:17'),(296,97,'L','2024-12-17 17:47:17'),(297,96,'S','2024-12-17 17:47:25'),(298,96,'M','2024-12-17 17:47:25'),(299,96,'L','2024-12-17 17:47:25'),(300,95,'S','2024-12-17 17:47:35'),(301,95,'M','2024-12-17 17:47:35'),(302,95,'L','2024-12-17 17:47:35'),(306,94,'S','2024-12-17 17:48:20'),(307,94,'M','2024-12-17 17:48:20'),(308,94,'L','2024-12-17 17:48:20'),(309,93,'S','2024-12-17 17:48:59'),(310,93,'M','2024-12-17 17:48:59'),(311,93,'L','2024-12-17 17:48:59'),(312,92,'S','2024-12-17 17:49:18'),(313,92,'M','2024-12-17 17:49:18'),(314,92,'L','2024-12-17 17:49:18'),(315,91,'S','2024-12-17 17:49:27'),(316,91,'M','2024-12-17 17:49:27'),(317,91,'L','2024-12-17 17:49:27'),(318,90,'S','2024-12-17 17:49:42'),(319,90,'M','2024-12-17 17:49:42'),(320,90,'L','2024-12-17 17:49:42'),(321,83,'S','2024-12-17 17:50:15'),(322,83,'M','2024-12-17 17:50:15'),(323,83,'L','2024-12-17 17:50:15'),(324,89,'S','2024-12-17 17:51:13'),(325,89,'M','2024-12-17 17:51:13'),(326,89,'L','2024-12-17 17:51:13'),(327,88,'S','2024-12-17 17:51:26'),(328,88,'M','2024-12-17 17:51:26'),(329,88,'L','2024-12-17 17:51:26'),(330,87,'S','2024-12-17 17:51:43'),(331,87,'M','2024-12-17 17:51:43'),(332,87,'L','2024-12-17 17:51:43'),(333,86,'S','2024-12-17 17:51:56'),(334,86,'M','2024-12-17 17:51:56'),(335,86,'L','2024-12-17 17:51:56'),(336,85,'S','2024-12-17 17:52:25'),(337,85,'M','2024-12-17 17:52:25'),(338,85,'L','2024-12-17 17:52:25'),(342,80,'S','2024-12-17 17:52:58'),(343,80,'M','2024-12-17 17:52:58'),(344,80,'L','2024-12-17 17:52:58'),(345,81,'S','2024-12-17 17:53:20'),(346,81,'M','2024-12-17 17:53:20'),(347,81,'L','2024-12-17 17:53:20'),(348,82,'S','2024-12-17 17:54:16'),(349,82,'M','2024-12-17 17:54:16'),(350,82,'L','2024-12-17 17:54:16'),(351,84,'S','2024-12-18 01:25:51'),(352,84,'M','2024-12-18 01:25:51'),(353,84,'L','2024-12-18 01:25:51'),(354,21,'29','2024-12-19 10:33:00'),(355,21,'30','2024-12-19 10:33:00'),(356,21,'31','2024-12-19 10:33:00'),(357,21,'32','2024-12-19 10:33:00'),(358,21,'33','2024-12-19 10:33:00'),(359,22,'29','2024-12-19 11:13:15'),(360,22,'30','2024-12-19 11:13:15'),(361,22,'31','2024-12-19 11:13:15'),(362,22,'32','2024-12-19 11:13:15'),(363,22,'33','2024-12-19 11:13:15'),(364,24,'29','2024-12-19 11:13:49'),(365,24,'30','2024-12-19 11:13:49'),(366,24,'31','2024-12-19 11:13:49'),(367,24,'32','2024-12-19 11:13:49'),(368,24,'33','2024-12-19 11:13:49'),(369,25,'29','2024-12-19 11:14:14'),(370,25,'30','2024-12-19 11:14:14'),(371,25,'31','2024-12-19 11:14:14'),(372,25,'32','2024-12-19 11:14:14'),(373,25,'33','2024-12-19 11:14:14'),(374,26,'29','2024-12-19 11:14:37'),(375,26,'30','2024-12-19 11:14:37'),(376,26,'31','2024-12-19 11:14:37'),(377,26,'32','2024-12-19 11:14:37'),(378,26,'33','2024-12-19 11:14:37'),(379,27,'29','2024-12-19 11:15:09'),(380,27,'30','2024-12-19 11:15:09'),(381,27,'31','2024-12-19 11:15:09'),(382,27,'32','2024-12-19 11:15:09'),(383,27,'33','2024-12-19 11:15:09'),(384,28,'29','2024-12-19 11:15:43'),(385,28,'30','2024-12-19 11:15:43'),(386,28,'31','2024-12-19 11:15:43'),(387,28,'32','2024-12-19 11:15:43'),(388,28,'33','2024-12-19 11:15:43'),(389,29,'29','2024-12-19 11:16:06'),(390,29,'30','2024-12-19 11:16:06'),(391,29,'31','2024-12-19 11:16:06'),(392,29,'32','2024-12-19 11:16:06'),(393,29,'33','2024-12-19 11:16:06'),(394,30,'29','2024-12-19 11:16:43'),(395,30,'30','2024-12-19 11:16:43'),(396,30,'31','2024-12-19 11:16:43'),(397,30,'32','2024-12-19 11:16:43'),(398,30,'33','2024-12-19 11:16:43'),(399,31,'29','2024-12-19 11:17:03'),(400,31,'30','2024-12-19 11:17:03'),(401,31,'31','2024-12-19 11:17:03'),(402,31,'32','2024-12-19 11:17:03'),(403,31,'33','2024-12-19 11:17:03');
/*!40000 ALTER TABLE `product_sizes` ENABLE KEYS */;
UNLOCK TABLES;

--
-- Table structure for table `products`
--

DROP TABLE IF EXISTS `products`;
/*!40101 SET @saved_cs_client     = @@character_set_client */;
/*!50503 SET character_set_client = utf8mb4 */;
CREATE TABLE `products` (
  `id` int NOT NULL AUTO_INCREMENT,
  `name` varchar(255) NOT NULL,
  `code` varchar(100) NOT NULL,
  `category` int NOT NULL,
  `price` decimal(10,2) NOT NULL,
  `old_price` decimal(10,2) DEFAULT NULL,
  `discount` int DEFAULT '0',
  `status` enum('Còn hàng','Hết hàng') DEFAULT 'Còn hàng',
  `description` text,
  `created_at` datetime DEFAULT CURRENT_TIMESTAMP,
  `updated_at` datetime DEFAULT CURRENT_TIMESTAMP ON UPDATE CURRENT_TIMESTAMP,
  PRIMARY KEY (`id`),
  UNIQUE KEY `code` (`code`),
  KEY `category` (`category`),
  CONSTRAINT `products_ibfk_1` FOREIGN KEY (`category`) REFERENCES `categories` (`id`)
) ENGINE=InnoDB AUTO_INCREMENT=104 DEFAULT CHARSET=utf8mb4 COLLATE=utf8mb4_0900_ai_ci;
/*!40101 SET character_set_client = @saved_cs_client */;

--
-- Dumping data for table `products`
--

LOCK TABLES `products` WRITE;
/*!40000 ALTER TABLE `products` DISABLE KEYS */;
INSERT INTO `products` VALUES (21,'Quần âu side tab FABT008','FABT00801PE00SB_BL-29',17,500000.00,500000.00,0,'Còn hàng',NULL,'2024-12-14 07:35:04','2024-12-19 10:33:00'),(22,'Quần âu slim fit cạp lót họa tiết FABT002','FABT00201PE00SB_NV-29',17,500000.00,500000.00,0,'Còn hàng',NULL,'2024-12-14 07:39:38','2024-12-19 11:13:14'),(23,'Quần âu slim fit điều chỉnh cạp trơn EABT016','EABT01601PE00SB_NV-33',17,500000.00,500000.00,0,'Còn hàng',NULL,'2024-12-14 07:42:28','2024-12-17 17:42:30'),(24,'Quần âu slim-fit cạp trơn - DABT900','DABT90001PE00SB_BL-29',17,349000.00,500000.00,30,'Còn hàng',NULL,'2024-12-14 07:47:28','2024-12-19 11:13:49'),(25,'Quần âu slim-fit cạp trơn FABT003','FABT00301PE00SB_DNV-33',17,500000.00,500000.00,0,'Còn hàng',NULL,'2024-12-14 07:49:48','2024-12-19 11:14:14'),(26,'Quần âu slimfit cạp điều chỉnh, gấu LV FABT005','FABT00501PE00SB_GR-29',17,500000.00,500000.00,0,'Còn hàng',NULL,'2024-12-14 07:52:14','2024-12-19 11:14:37'),(27,'Quần âu vải kẻ dọc cạp tender FABT011','FABT01101PE09SB_BL-30 ',17,550000.00,550000.00,0,'Còn hàng',NULL,'2024-12-14 07:56:53','2024-12-19 11:15:09'),(28,'Quần âu vải kẻ dọc FABT010','FABT01001PE09SB_GR-30',17,550000.00,550000.00,0,'Còn hàng',NULL,'2024-12-14 07:59:53','2024-12-19 11:15:43'),(29,'Quần jeans basic FABJ003','FABJ00301CT00RB_DNV-29 ',14,550000.00,550000.00,0,'Còn hàng',NULL,'2024-12-14 16:25:07','2024-12-19 11:16:06'),(30,'Quần Jeans basic slim EABJ012','EABJ01201CT00SB_LG-33',14,399000.00,500000.00,20,'Còn hàng',NULL,'2024-12-14 16:28:06','2024-12-19 11:16:43'),(31,'Quần Jeans basic slim FABJ007','FABJ00701KG00SB_DBU-31',14,299000.00,500000.00,40,'Còn hàng',NULL,'2024-12-14 16:30:29','2024-12-19 11:17:03'),(32,'Quần Jeans basic slim FABJ008','FABJ00801CT00SB_DBU-29',14,550000.00,550000.00,0,'Còn hàng','Hướng dẫn bảo quản quần jean:&#13;&#10;&#13;&#10;+ Sau khi mua về bạn nên ngâm chiếc quần jean của mình với nước lạnh pha muối đậm, giấm ăn hoặc phèn chua ít nhất 12 tiếng đồng hồ. Sau đó, đem xả lại bằng nước sạch. Bạn chú ý là không sử dụng xà phòng để giặt quần trong lần đầu tiên.&#13;&#10;&#13;&#10;+ Nên phơi quần jean trong bóng râm&#13;&#10;&#13;&#10;+ Giặt bằng nước lạnh&#13;&#10;&#13;&#10;+ Không ngâm quần jean quá lâu, chỉ ngâm 3-5 phút&#13;&#10;&#13;&#10;+ Nên giặt tay để quần bền màu lâu hơn.&#13;&#10;&#13;&#10;Hướng dẫn sử dụng:&#13;&#10;&#13;&#10;+ Giặt máy với chu kỳ trung bình và vòng quay ngắn&#13;&#10;&#13;&#10;+ Giặt với nhiệt độ tối đa 30 độ C&#13;&#10;&#13;&#10;+ Sấy nhẹ ở nhiệt độ thường&#13;&#10;&#13;&#10;+ Là ủi không quá 110 độ C&#13;&#10;&#13;&#10;+ Phơi bằng móc dưới bóng râm&#13;&#10;&#13;&#10;+ Không sử dụng chất tẩy&#13;&#10;&#13;&#10;Lưu ý nhỏ:&#13;&#10;&#13;&#10;+ Không giặt chung với đồ dễ xước&#13;&#10;&#13;&#10;+ Cẩn thận vướng mắc khi phơi','2024-12-14 16:32:07','2024-12-14 16:32:07'),(33,'Quần Jeans basic slim FABJ015','FABJ01501CT16SB_BL-29',14,550000.00,550000.00,0,'Còn hàng','Hướng dẫn bảo quản quần jean:&#13;&#10;&#13;&#10;+ Sau khi mua về bạn nên ngâm chiếc quần jean của mình với nước lạnh pha muối đậm, giấm ăn hoặc phèn chua ít nhất 12 tiếng đồng hồ. Sau đó, đem xả lại bằng nước sạch. Bạn chú ý là không sử dụng xà phòng để giặt quần trong lần đầu tiên.&#13;&#10;&#13;&#10;+ Nên phơi quần jean trong bóng râm&#13;&#10;&#13;&#10;+ Giặt bằng nước lạnh&#13;&#10;&#13;&#10;+ Không ngâm quần jean quá lâu, chỉ ngâm 3-5 phút&#13;&#10;&#13;&#10;+ Nên giặt tay để quần bền màu lâu hơn.&#13;&#10;&#13;&#10;Hướng dẫn sử dụng:&#13;&#10;&#13;&#10;+ Giặt máy với chu kỳ trung bình và vòng quay ngắn&#13;&#10;&#13;&#10;+ Giặt với nhiệt độ tối đa 30 độ C&#13;&#10;&#13;&#10;+ Sấy nhẹ ở nhiệt độ thường&#13;&#10;&#13;&#10;+ Là ủi không quá 110 độ C&#13;&#10;&#13;&#10;+ Phơi bằng móc dưới bóng râm&#13;&#10;&#13;&#10;+ Không sử dụng chất tẩy&#13;&#10;&#13;&#10;Lưu ý nhỏ:&#13;&#10;&#13;&#10;+ Không giặt chung với đồ dễ xước&#13;&#10;&#13;&#10;+ Cẩn thận vướng mắc khi phơi','2024-12-14 16:33:39','2024-12-14 16:33:39'),(34,'Quần Jeans rách FABJ016','FABJ01601CT19RB_DBU-31',14,550000.00,550000.00,0,'Còn hàng','Hướng dẫn bảo quản quần jean:&#13;&#10;&#13;&#10;+ Sau khi mua về bạn nên ngâm chiếc quần jean của mình với nước lạnh pha muối đậm, giấm ăn hoặc phèn chua ít nhất 12 tiếng đồng hồ. Sau đó, đem xả lại bằng nước sạch. Bạn chú ý là không sử dụng xà phòng để giặt quần trong lần đầu tiên.&#13;&#10;&#13;&#10;+ Nên phơi quần jean trong bóng râm&#13;&#10;&#13;&#10;+ Giặt bằng nước lạnh&#13;&#10;&#13;&#10;+ Không ngâm quần jean quá lâu, chỉ ngâm 3-5 phút&#13;&#10;&#13;&#10;+ Nên giặt tay để quần bền màu lâu hơn.&#13;&#10;&#13;&#10;Hướng dẫn sử dụng:&#13;&#10;&#13;&#10;+ Giặt máy với chu kỳ trung bình và vòng quay ngắn&#13;&#10;&#13;&#10;+ Giặt với nhiệt độ tối đa 30 độ C&#13;&#10;&#13;&#10;+ Sấy nhẹ ở nhiệt độ thường&#13;&#10;&#13;&#10;+ Là ủi không quá 110 độ C&#13;&#10;&#13;&#10;+ Phơi bằng móc dưới bóng râm&#13;&#10;&#13;&#10;+ Không sử dụng chất tẩy&#13;&#10;&#13;&#10;Lưu ý nhỏ:&#13;&#10;&#13;&#10;+ Không giặt chung với đồ dễ xước&#13;&#10;&#13;&#10;+ Cẩn thận vướng mắc khi phơi','2024-12-14 16:35:23','2024-12-14 16:35:23'),(35,'Quần Jeans xước slim FABJ010','FABJ01001CT18SB_BU-29',14,550000.00,550000.00,0,'Còn hàng','Hướng dẫn bảo quản quần jean:&#13;&#10;&#13;&#10;+ Sau khi mua về bạn nên ngâm chiếc quần jean của mình với nước lạnh pha muối đậm, giấm ăn hoặc phèn chua ít nhất 12 tiếng đồng hồ. Sau đó, đem xả lại bằng nước sạch. Bạn chú ý là không sử dụng xà phòng để giặt quần trong lần đầu tiên.&#13;&#10;&#13;&#10;+ Nên phơi quần jean trong bóng râm&#13;&#10;&#13;&#10;+ Giặt bằng nước lạnh&#13;&#10;&#13;&#10;+ Không ngâm quần jean quá lâu, chỉ ngâm 3-5 phút&#13;&#10;&#13;&#10;+ Nên giặt tay để quần bền màu lâu hơn.&#13;&#10;&#13;&#10;Hướng dẫn sử dụng:&#13;&#10;&#13;&#10;+ Giặt máy với chu kỳ trung bình và vòng quay ngắn&#13;&#10;&#13;&#10;+ Giặt với nhiệt độ tối đa 30 độ C&#13;&#10;&#13;&#10;+ Sấy nhẹ ở nhiệt độ thường&#13;&#10;&#13;&#10;+ Là ủi không quá 110 độ C&#13;&#10;&#13;&#10;+ Phơi bằng móc dưới bóng râm&#13;&#10;&#13;&#10;+ Không sử dụng chất tẩy&#13;&#10;&#13;&#10;Lưu ý nhỏ:&#13;&#10;&#13;&#10;+ Không giặt chung với đồ dễ xước&#13;&#10;&#13;&#10;+ Cẩn thận vướng mắc khi phơi','2024-12-14 16:37:04','2024-12-14 16:37:04'),(36,'Quần dài kaki basic chun cạp FABK002','FABK00201CT00SB_BL-29 ',8,450000.00,450000.00,0,'Còn hàng','HƯỚNG DẪN SỬ DỤNG VÀ BẢO QUẢN:&#13;&#10;&#13;&#10;+ Giặt quần bằng nước lạnh để quần giữ được màu màu tốt và chất vải cũng bền hơn.&#13;&#10;&#13;&#10;+ Khi quần bị bẩn, nấm mốc có thể sử dụng dấm để giặt quần. Bôi dấm vào vết bẩn, để ngâm khoảng 1- 2 tiếng đồng hồ, sau đó giặt sạch lại với nước.&#13;&#10;&#13;&#10;+ Lộn trái quần khi giặt và phơi. Phơi quần ở nơi râm mát, tránh ánh nắng trực tiếp.&#13;&#10;&#13;&#10;+ Giặt máy với chu kỳ trung bình và vòng quay ngắn&#13;&#10;&#13;&#10;+ Giặt với nhiệt độ tối đa 30 độ C&#13;&#10;&#13;&#10;+ Sấy nhẹ ở nhiệt độ thường&#13;&#10;&#13;&#10;+ Là ủi không quá 110 độ C&#13;&#10;&#13;&#10;+ Phơi bằng móc dưới bóng râm&#13;&#10;&#13;&#10;+ Không sử dụng chất tẩy&#13;&#10;&#13;&#10;Lưu ý nhỏ:&#13;&#10;&#13;&#10;+ Không giặt chung với đồ dễ xước&#13;&#10;&#13;&#10;+ Cẩn thận vướng mắc khi phơi','2024-12-14 16:39:06','2024-12-14 16:39:06'),(37,'Quần kaki dài basic cạp tender FABK001','FABK00101CT00SB_DBU-29',8,349000.00,500000.00,30,'Còn hàng','HƯỚNG DẪN SỬ DỤNG VÀ BẢO QUẢN:&#13;&#10;&#13;&#10;+ Giặt quần bằng nước lạnh để quần giữ được màu màu tốt và chất vải cũng bền hơn.&#13;&#10;&#13;&#10;+ Khi quần bị bẩn, nấm mốc có thể sử dụng dấm để giặt quần. Bôi dấm vào vết bẩn, để ngâm khoảng 1- 2 tiếng đồng hồ, sau đó giặt sạch lại với nước.&#13;&#10;&#13;&#10;+ Lộn trái quần khi giặt và phơi. Phơi quần ở nơi râm mát, tránh ánh nắng trực tiếp.&#13;&#10;&#13;&#10;+ Giặt máy với chu kỳ trung bình và vòng quay ngắn&#13;&#10;&#13;&#10;+ Giặt với nhiệt độ tối đa 30 độ C&#13;&#10;&#13;&#10;+ Sấy nhẹ ở nhiệt độ thường&#13;&#10;&#13;&#10;+ Là ủi không quá 110 độ C&#13;&#10;&#13;&#10;+ Phơi bằng móc dưới bóng râm&#13;&#10;&#13;&#10;+ Không sử dụng chất tẩy&#13;&#10;&#13;&#10;Lưu ý nhỏ:&#13;&#10;&#13;&#10;+ Không giặt chung với đồ dễ xước&#13;&#10;&#13;&#10;+ Cẩn thận vướng mắc khi phơi','2024-12-14 16:41:02','2024-12-14 16:41:02'),(38,'Quần kaki dài basic FABK908','FABK90801CT00SB_NV-29',8,500000.00,500000.00,0,'Còn hàng','HƯỚNG DẪN SỬ DỤNG VÀ BẢO QUẢN:&#13;&#10;&#13;&#10;+ Giặt quần bằng nước lạnh để quần giữ được màu màu tốt và chất vải cũng bền hơn.&#13;&#10;&#13;&#10;+ Khi quần bị bẩn, nấm mốc có thể sử dụng dấm để giặt quần. Bôi dấm vào vết bẩn, để ngâm khoảng 1- 2 tiếng đồng hồ, sau đó giặt sạch lại với nước.&#13;&#10;&#13;&#10;+ Lộn trái quần khi giặt và phơi. Phơi quần ở nơi râm mát, tránh ánh nắng trực tiếp.&#13;&#10;&#13;&#10;+ Giặt máy với chu kỳ trung bình và vòng quay ngắn&#13;&#10;&#13;&#10;+ Giặt với nhiệt độ tối đa 30 độ C&#13;&#10;&#13;&#10;+ Sấy nhẹ ở nhiệt độ thường&#13;&#10;&#13;&#10;+ Là ủi không quá 110 độ C&#13;&#10;&#13;&#10;+ Phơi bằng móc dưới bóng râm&#13;&#10;&#13;&#10;+ Không sử dụng chất tẩy&#13;&#10;&#13;&#10;Lưu ý nhỏ:&#13;&#10;&#13;&#10;+ Không giặt chung với đồ dễ xước&#13;&#10;&#13;&#10;+ Cẩn thận vướng mắc khi phơi','2024-12-14 16:42:32','2024-12-14 16:42:32'),(39,'Quần kaki dài basic vải hiệu ứng EABK022','EABK02201CT01SB_BL-30',8,500000.00,500000.00,0,'Còn hàng','HƯỚNG DẪN SỬ DỤNG VÀ BẢO QUẢN:&#13;&#10;&#13;&#10;+ Giặt quần bằng nước lạnh để quần giữ được màu màu tốt và chất vải cũng bền hơn.&#13;&#10;&#13;&#10;+ Khi quần bị bẩn, nấm mốc có thể sử dụng dấm để giặt quần. Bôi dấm vào vết bẩn, để ngâm khoảng 1- 2 tiếng đồng hồ, sau đó giặt sạch lại với nước.&#13;&#10;&#13;&#10;+ Lộn trái quần khi giặt và phơi. Phơi quần ở nơi râm mát, tránh ánh nắng trực tiếp.&#13;&#10;&#13;&#10;+ Giặt máy với chu kỳ trung bình và vòng quay ngắn&#13;&#10;&#13;&#10;+ Giặt với nhiệt độ tối đa 30 độ C&#13;&#10;&#13;&#10;+ Sấy nhẹ ở nhiệt độ thường&#13;&#10;&#13;&#10;+ Là ủi không quá 110 độ C&#13;&#10;&#13;&#10;+ Phơi bằng móc dưới bóng râm&#13;&#10;&#13;&#10;+ Không sử dụng chất tẩy&#13;&#10;&#13;&#10;Lưu ý nhỏ:&#13;&#10;&#13;&#10;+ Không giặt chung với đồ dễ xước&#13;&#10;&#13;&#10;+ Cẩn thận vướng mắc khi phơi','2024-12-14 16:44:42','2024-12-14 16:44:42'),(40,'Quần kaki dài basic vải vân bổ sườn DABK603','DABK60301CT00SB_DBE-32',8,480000.00,480000.00,0,'Còn hàng','HƯỚNG DẪN SỬ DỤNG VÀ BẢO QUẢN:&#13;&#10;&#13;&#10;+ Giặt quần bằng nước lạnh để quần giữ được màu màu tốt và chất vải cũng bền hơn.&#13;&#10;&#13;&#10;+ Khi quần bị bẩn, nấm mốc có thể sử dụng dấm để giặt quần. Bôi dấm vào vết bẩn, để ngâm khoảng 1- 2 tiếng đồng hồ, sau đó giặt sạch lại với nước.&#13;&#10;&#13;&#10;+ Lộn trái quần khi giặt và phơi. Phơi quần ở nơi râm mát, tránh ánh nắng trực tiếp.&#13;&#10;&#13;&#10;+ Giặt máy với chu kỳ trung bình và vòng quay ngắn&#13;&#10;&#13;&#10;+ Giặt với nhiệt độ tối đa 30 độ C&#13;&#10;&#13;&#10;+ Sấy nhẹ ở nhiệt độ thường&#13;&#10;&#13;&#10;+ Là ủi không quá 110 độ C&#13;&#10;&#13;&#10;+ Phơi bằng móc dưới bóng râm&#13;&#10;&#13;&#10;+ Không sử dụng chất tẩy&#13;&#10;&#13;&#10;Lưu ý nhỏ:&#13;&#10;&#13;&#10;+ Không giặt chung với đồ dễ xước&#13;&#10;&#13;&#10;+ Cẩn thận vướng mắc khi phơi','2024-12-14 16:47:01','2024-12-14 16:47:01'),(41,'Quần Kaki Jogger túi ốp FABK042','FABK04203CT00RB_DCR-29 ',8,52000.00,520000.00,0,'Còn hàng','HƯỚNG DẪN SỬ DỤNG VÀ BẢO QUẢN:&#13;&#10;&#13;&#10;+ Giặt quần bằng nước lạnh để quần giữ được màu màu tốt và chất vải cũng bền hơn.&#13;&#10;&#13;&#10;+ Khi quần bị bẩn, nấm mốc có thể sử dụng dấm để giặt quần. Bôi dấm vào vết bẩn, để ngâm khoảng 1- 2 tiếng đồng hồ, sau đó giặt sạch lại với nước.&#13;&#10;&#13;&#10;+ Lộn trái quần khi giặt và phơi. Phơi quần ở nơi râm mát, tránh ánh nắng trực tiếp.&#13;&#10;&#13;&#10;+ Giặt máy với chu kỳ trung bình và vòng quay ngắn&#13;&#10;&#13;&#10;+ Giặt với nhiệt độ tối đa 30 độ C&#13;&#10;&#13;&#10;+ Sấy nhẹ ở nhiệt độ thường&#13;&#10;&#13;&#10;+ Là ủi không quá 110 độ C&#13;&#10;&#13;&#10;+ Phơi bằng móc dưới bóng râm&#13;&#10;&#13;&#10;+ Không sử dụng chất tẩy&#13;&#10;&#13;&#10;Lưu ý nhỏ:&#13;&#10;&#13;&#10;+ Không giặt chung với đồ dễ xước&#13;&#10;&#13;&#10;+ Cẩn thận vướng mắc khi phơi','2024-12-14 16:48:07','2024-12-14 16:48:07'),(42,'Short gió basic in phản quang FSBW002','FSBW00202PE00SB_DCB-S',15,150000.00,150000.00,0,'Còn hàng','Short gió basic in phản quang FSBW002 HOT HIT cả về chất lượng lẫn thiết kế. Đây là một trong những mẫu short nam được ưa chuộng nhất hiện nay. TORANO luôn mong muốn mang đến sản phẩm tốt nhất tới khách hàng.','2024-12-16 13:30:15','2024-12-16 13:30:15'),(43,'Quần short bộ can gấu FSBS005 - FSTP032','FSBS00502CV32SB_DNV-XL',15,320000.00,320000.00,0,'Còn hàng',NULL,'2024-12-16 13:32:46','2024-12-17 17:43:17'),(44,'Quần short nỉ basic cạp âu FSBS001','FSBS00102PE00SB_CR-S',15,320000.00,320000.00,0,'Còn hàng','Quần short nỉ basic cạp âu FSBS001 là mẫu quần short nam cao cấp mới nhất được sản xuất với công nghệ hiện đại nhất hiện nay. Quần short nam TORANO được may từ chất liệu vải cao cấp, thấm hút mồ hôi cực tốt và co giãn vừa phải, không bai không xù sau một thời gian dài sử dụng.','2024-12-16 13:38:01','2024-12-16 13:38:01'),(45,'Quần short kaki basic FSBK019','FSBK01902CA00RB_BL-29',15,380000.00,380000.00,0,'Còn hàng','Quần short kaki basic FSBK019 là mẫu quần short nam cao cấp mới nhất được sản xuất với công nghệ hiện đại nhất hiện nay. Quần short nam TORANO được may từ chất liệu vải cao cấp, thấm hút mồ hôi cực tốt và co giãn vừa phải, không bai không xù sau một thời gian dài sử dụng.','2024-12-16 13:39:44','2024-12-16 13:39:44'),(46,'Quần short gió basic phối chun cạp FSBW001','FSBW00102PE00RB_DCB-S',15,149000.00,200000.00,29,'Còn hàng','Quần short gió basic phối chun cạp FSBW001 là mẫu quần short nam cao cấp mới nhất được sản xuất với công nghệ hiện đại nhất hiện nay. Quần short nam TORANO được may từ chất liệu vải cao cấp, thấm hút mồ hôi cực tốt và co giãn vừa phải, không bai không xù sau một thời gian dài sử dụng.&#13;&#10;','2024-12-16 13:41:47','2024-12-16 13:41:47'),(47,'Short đũi cạp thường basic, gập gấu FSBI002','FSBI00202CA00SB_MS-29',15,349000.00,450000.00,22,'Còn hàng','Short đũi cạp thường basic, gập gấu FSBI002 là mẫu quần short nam cao cấp mới nhất được sản xuất với công nghệ hiện đại nhất hiện nay. Quần short nam TORANO được may từ chất liệu vải cao cấp, thấm hút mồ hôi cực tốt và co giãn vừa phải, không bai không xù sau một thời gian dài sử dụng.','2024-12-16 13:43:34','2024-12-16 13:43:34'),(48,'Short gió in logo phối chun cạp FSBW006','FSBW00602PE00RB_DCB-L',15,256000.00,320000.00,20,'Còn hàng','Short gió in logo phối chun cạp FSBW006 là mẫu quần short nam cao cấp mới nhất được sản xuất với công nghệ hiện đại nhất hiện nay. Quần short nam TORANO được may từ chất liệu vải cao cấp, thấm hút mồ hôi cực tốt và co giãn vừa phải, không bai không xù sau một thời gian dài sử dụng.','2024-12-16 13:45:01','2024-12-16 13:45:01'),(49,'Quần short khaki cạp chun basic, diễu gấu FSBK010','FSBK01002CT00RB_LMS-29',15,279000.00,420000.00,0,'Còn hàng','Quần short khaki cạp chun basic, diễu gấu FSBK010 là mẫu quần short nam cao cấp mới nhất được sản xuất với công nghệ hiện đại nhất hiện nay. Quần short nam TORANO được may từ chất liệu vải cao cấp, thấm hút mồ hôi cực tốt và co giãn vừa phải, không bai không xù sau một thời gian dài sử dụng.','2024-12-16 13:46:18','2024-12-16 13:46:18'),(50,'Áo khoác 3 lớp lót bông mũ liền FWCP002','FWCP00251PE00SB_BL-L',3,890000.00,890000.00,0,'Còn hàng',NULL,'2024-12-16 13:47:56','2024-12-17 17:32:55'),(51,'Áo khoác cardigan nỉ basic FWCS006','FWCS00691CV00RB_BL-L ',3,590000.00,590000.00,0,'Còn hàng',NULL,'2024-12-16 13:49:18','2024-12-17 17:35:01'),(52,'Áo khoác Puffer cổ cao FWCF004',' FWCF00431PE00RB_BL-M ',3,699000.00,990000.00,29,'Còn hàng',NULL,'2024-12-16 13:54:32','2024-12-17 17:35:30'),(53,'Áo khoác gió 1 lớp mũ liền EWCW007',' EWCW00751PE00SB_LG-S',3,249000.00,500000.00,50,'Còn hàng',NULL,'2024-12-16 13:55:51','2024-12-17 17:36:19'),(54,'Áo khoác gió 2 lớp mũ tháo rời EWCW001',' EWCW00181PE00SB_LG-S ',3,399000.00,600000.00,34,'Còn hàng',NULL,'2024-12-16 13:58:24','2024-12-17 17:36:51'),(55,'Áo khoác gió 1 lớp logo ngực EWCW010','EWCW01051PE00RB_LBE-S',3,399000.00,600000.00,34,'Còn hàng',NULL,'2024-12-16 13:59:36','2024-12-17 17:37:52'),(56,'Áo khoác gió 2 lớp cổ bomber FWCW005','FWCW00561PE00MB_MS-S ',3,449000.00,650000.00,31,'Còn hàng',NULL,'2024-12-16 14:00:56','2024-12-17 17:38:33'),(57,'Áo khoác khaki 2 lớp cổ cao phối túi ngực FWCJ001','FWCJ00131CT00MB_BR-L ',3,750000.00,750000.00,0,'Còn hàng',NULL,'2024-12-16 14:01:59','2024-12-17 17:38:13'),(58,'Áo khoác 3 lớp cổ đứng khuy bấm EWCP001','EWCP00131PE00RB_DNV-S ',3,890000.00,890000.00,0,'Còn hàng',NULL,'2024-12-16 14:03:12','2024-12-17 17:39:34'),(59,'Áo khoác da lộn basic cổ cao FWCL002','FWCL00231PE00SB_DMS-S',3,649000.00,850000.00,20,'Còn hàng',NULL,'2024-12-16 14:04:24','2024-12-17 17:40:12'),(60,'Áo Khoác nỉ vải hiệu ứng đáp logo Horse cao su FWCS004','FWCS00461TC00MB_LBR-S ',3,549000.00,750000.00,27,'Còn hàng',NULL,'2024-12-16 14:05:35','2024-12-17 17:44:44'),(61,'Áo khoác gió 2 lớp cổ cao FWCW004','FWCW00431NY00RB_BL-S',3,690000.00,690000.00,0,'Còn hàng',NULL,'2024-12-16 14:06:51','2024-12-17 17:40:59'),(62,'Áo nỉ Hoodie trơn thêu logo ngực Dog FWTW017','FWTW01751TC13RB_BE-M ',2,590000.00,590000.00,0,'Còn hàng',NULL,'2024-12-16 14:09:51','2024-12-17 17:41:22'),(63,'Áo nỉ Hoodie in tràn họa tiết TRN FWTW002','FWTW00251TC04RB_BL-L ',2,650000.00,650000.00,0,'Còn hàng','Miền Bắc chuyển rét, anh em đã tự tin đón gió Đông với phao 3 lớp vừa ấm áp, vừa trẻ trung và nổi bật từ TORANO chưa? Thiết kế phóng khoáng với bề mặt chống nước cải tiến gấp 2 lần và chần bông 3 lớp giữ nhiệt sẽ khiến anh em không thể bỏ lỡ.','2024-12-16 14:11:20','2024-12-16 14:11:20'),(64,'Áo nỉ họa tiết in logo Glory FWTW012','FWTW01211CV06RB_DCB-S ',2,450000.00,450000.00,0,'Còn hàng','Miền Bắc chuyển rét, anh em đã tự tin đón gió Đông với phao 3 lớp vừa ấm áp, vừa trẻ trung và nổi bật từ TORANO chưa? Thiết kế phóng khoáng với bề mặt chống nước cải tiến gấp 2 lần và chần bông 3 lớp giữ nhiệt sẽ khiến anh em không thể bỏ lỡ.','2024-12-16 16:09:00','2024-12-16 16:09:00'),(65,'Áo nỉ họa tiết thêu logo ngực Read and Grow FWTW008','FWTW00811CV13RB_BL-S',2,450000.00,450000.00,0,'Còn hàng','Miền Bắc chuyển rét, anh em đã tự tin đón gió Đông với phao 3 lớp vừa ấm áp, vừa trẻ trung và nổi bật từ TORANO chưa? Thiết kế phóng khoáng với bề mặt chống nước cải tiến gấp 2 lần và chần bông 3 lớp giữ nhiệt sẽ khiến anh em không thể bỏ lỡ.','2024-12-16 16:10:08','2024-12-16 16:10:08'),(66,'Áo nỉ bộ can phối tay FWTW001','FWTW00111TC32RB_GR-S',2,319000.00,420000.00,24,'Còn hàng','Miền Bắc chuyển rét, anh em đã tự tin đón gió Đông với phao 3 lớp vừa ấm áp, vừa trẻ trung và nổi bật từ TORANO chưa? Thiết kế phóng khoáng với bề mặt chống nước cải tiến gấp 2 lần và chần bông 3 lớp giữ nhiệt sẽ khiến anh em không thể bỏ lỡ.','2024-12-16 16:14:18','2024-12-16 16:14:18'),(67,'Quần nỉ bộ can phối FWBS001','FWBS00101TC32RB_GR-S',2,349000.00,500000.00,30,'Còn hàng','Miền Bắc chuyển rét, anh em đã tự tin đón gió Đông với phao 3 lớp vừa ấm áp, vừa trẻ trung và nổi bật từ TORANO chưa? Thiết kế phóng khoáng với bề mặt chống nước cải tiến gấp 2 lần và chần bông 3 lớp giữ nhiệt sẽ khiến anh em không thể bỏ lỡ.','2024-12-16 16:15:24','2024-12-16 16:15:24'),(68,'Áo nỉ bộ trơn basic FWTW024','FWTW02411TC00RB_DNV-S',2,299000.00,420000.00,29,'Còn hàng','Miền Bắc chuyển rét, anh em đã tự tin đón gió Đông với phao 3 lớp vừa ấm áp, vừa trẻ trung và nổi bật từ TORANO chưa? Thiết kế phóng khoáng với bề mặt chống nước cải tiến gấp 2 lần và chần bông 3 lớp giữ nhiệt sẽ khiến anh em không thể bỏ lỡ.','2024-12-16 16:16:50','2024-12-16 16:16:50'),(69,'Quần nỉ bộ trơn basic FWBS024','FWBS02401TC00RB_DNV-S ',2,329000.00,500000.00,34,'Còn hàng','Miền Bắc chuyển rét, anh em đã tự tin đón gió Đông với phao 3 lớp vừa ấm áp, vừa trẻ trung và nổi bật từ TORANO chưa? Thiết kế phóng khoáng với bề mặt chống nước cải tiến gấp 2 lần và chần bông 3 lớp giữ nhiệt sẽ khiến anh em không thể bỏ lỡ.','2024-12-16 16:20:38','2024-12-16 16:20:38'),(70,'Sơ mi dài tay kẻ Oxford FATB035','FATB03571CA09XB_CBB-S',6,500000.00,500000.00,0,'Còn hàng','TÍNH NĂNG NỔI BẬT:&#13;&#10;&#13;&#10;+ Giặt không đổ lông hay bay màu, thấm hút mồ hôi và thoải mái không gò bó khi vận động&#13;&#10;&#13;&#10;+ Thiết kế cấu trúc lỗ thoáng, mắt vải to tạo sự thoáng mát cho người mặc','2024-12-16 16:23:36','2024-12-16 16:23:36'),(71,'Sơ mi dài tay kẻ dọc FATB052','FATB05271CA09RB_LG-S ',6,550000.00,550000.00,0,'Còn hàng','TÍNH NĂNG NỔI BẬT:&#13;&#10;&#13;&#10;+ Giặt không đổ lông hay bay màu, thấm hút mồ hôi và thoải mái không gò bó khi vận động&#13;&#10;&#13;&#10;+ Thiết kế cấu trúc lỗ thoáng, mắt vải to tạo sự thoáng mát cho người mặc','2024-12-16 16:25:13','2024-12-16 16:25:13'),(72,'Sơ mi dài tay kẻ dọc FATB050','FATB05071TC09RB_CRB-S',6,480000.00,480000.00,0,'Còn hàng','TÍNH NĂNG NỔI BẬT:&#13;&#10;&#13;&#10;+ Giặt không đổ lông hay bay màu, thấm hút mồ hôi và thoải mái không gò bó khi vận động&#13;&#10;&#13;&#10;+ Thiết kế cấu trúc lỗ thoáng, mắt vải to tạo sự thoáng mát cho người mặc','2024-12-16 16:28:56','2024-12-16 16:28:56'),(73,'Sơ mi dài tay kẻ caro FATB045','FATB04571CA11RB_BL-S',6,480000.00,480000.00,0,'Còn hàng','TÍNH NĂNG NỔI BẬT:&#13;&#10;&#13;&#10;+ Giặt không đổ lông hay bay màu, thấm hút mồ hôi và thoải mái không gò bó khi vận động&#13;&#10;&#13;&#10;+ Thiết kế cấu trúc lỗ thoáng, mắt vải to tạo sự thoáng mát cho người mặc','2024-12-16 16:29:57','2024-12-16 16:29:57'),(74,'Sơ mi dài tay kẻ dọc FATB046','FATB04671CA09RB_LG-S ',6,480000.00,480000.00,0,'Còn hàng','TÍNH NĂNG NỔI BẬT:&#13;&#10;&#13;&#10;+ Giặt không đổ lông hay bay màu, thấm hút mồ hôi và thoải mái không gò bó khi vận động&#13;&#10;&#13;&#10;+ Thiết kế cấu trúc lỗ thoáng, mắt vải to tạo sự thoáng mát cho người mặc','2024-12-16 16:30:48','2024-12-16 16:30:48'),(75,'Sơ mi dài tay kẻ dọc, 1 túi ngực FATB043','FATB04371CA09RB_BWH-S',6,480000.00,480000.00,0,'Còn hàng','TÍNH NĂNG NỔI BẬT:&#13;&#10;&#13;&#10;+ Giặt không đổ lông hay bay màu, thấm hút mồ hôi và thoải mái không gò bó khi vận động&#13;&#10;&#13;&#10;+ Thiết kế cấu trúc lỗ thoáng, mắt vải to tạo sự thoáng mát cho người mặc','2024-12-16 16:32:34','2024-12-16 16:32:34'),(76,'Sơ mi ngắn tay trơn hiệu ứng FSTB023',' FSTB02372BA00SB_LMS-38 ',6,380000.00,380000.00,0,'Còn hàng','TÍNH NĂNG NỔI BẬT:&#13;&#10;&#13;&#10;+ Giặt không đổ lông hay bay màu, thấm hút mồ hôi và thoải mái không gò bó khi vận động&#13;&#10;&#13;&#10;+ Thiết kế cấu trúc lỗ thoáng, mắt vải to tạo sự thoáng mát cho người mặc','2024-12-16 16:34:16','2024-12-16 16:34:16'),(77,'Sơ mi dài tay trơn dệt kim FATB001','FATB00171PE00SB_LCB-38',6,329000.00,450000.00,27,'Còn hàng','TÍNH NĂNG NỔI BẬT:&#13;&#10;&#13;&#10;+ Giặt không đổ lông hay bay màu, thấm hút mồ hôi và thoải mái không gò bó khi vận động&#13;&#10;&#13;&#10;+ Thiết kế cấu trúc lỗ thoáng, mắt vải to tạo sự thoáng mát cho người mặc','2024-12-16 16:36:39','2024-12-16 16:36:39'),(78,'Sơ mi dài tay trơn FATB002','FATB00271PE00SB_DNV-38 ',6,329000.00,450000.00,27,'Còn hàng','TÍNH NĂNG NỔI BẬT:&#13;&#10;&#13;&#10;+ Giặt không đổ lông hay bay màu, thấm hút mồ hôi và thoải mái không gò bó khi vận động&#13;&#10;&#13;&#10;+ Thiết kế cấu trúc lỗ thoáng, mắt vải to tạo sự thoáng mát cho người mặc','2024-12-16 16:38:30','2024-12-16 16:38:30'),(79,'Sơ mi dài tay trơn Bamboo hiệu ứng EATB050','EATB05071BA01SB_LG-38',6,450000.00,450000.00,0,'Còn hàng','TÍNH NĂNG NỔI BẬT:&#13;&#10;&#13;&#10;+ Giặt không đổ lông hay bay màu, thấm hút mồ hôi và thoải mái không gò bó khi vận động&#13;&#10;&#13;&#10;+ Thiết kế cấu trúc lỗ thoáng, mắt vải to tạo sự thoáng mát cho người mặc','2024-12-16 16:41:14','2024-12-16 16:41:14'),(80,'Áo sơ mi dài tay trơn Bamboo DATB614','DATB61471BA00SB_LLB-38',6,450000.00,450000.00,0,'Còn hàng',NULL,'2024-12-16 16:43:04','2024-12-17 17:52:58'),(81,'Sơ mi dài tay trơn dệt hiệu ứng EATB017','EATB01701CT01SB_WH-38',6,450000.00,450000.00,0,'Còn hàng',NULL,'2024-12-16 16:43:56','2024-12-17 17:53:20'),(82,'Áo Polo len basic FSTP073','FSTP07372CA00SB_DNV-S',7,450000.00,450000.00,0,'Còn hàng',NULL,'2024-12-16 16:46:59','2024-12-17 17:54:16'),(83,'Áo Polo dài tay basic FWTP065','FWTP06571CV00SB_LBR-S',2,299000.00,450000.00,34,'Còn hàng',NULL,'2024-12-16 16:48:49','2024-12-17 17:50:15'),(84,'Áo polo dệt kẻ ngang FSTP039','FSTP03972CT07SB_DNV-S ',7,450000.00,450000.00,0,'Còn hàng',NULL,'2024-12-16 16:57:01','2024-12-18 01:25:51'),(85,'Áo Polo can phối thân có nắp túi FSTP019','FSTP01972CA32SB_NCR-S ',7,420000.00,420000.00,0,'Còn hàng',NULL,'2024-12-16 16:59:51','2024-12-17 17:52:25'),(86,'Áo polo dệt kẻ ngang FSTP023','FSTP02372CT07SB_NVC-S ',7,450000.00,450000.00,0,'Còn hàng',NULL,'2024-12-16 17:27:29','2024-12-17 17:51:56'),(87,'Áo polo họa tiết cánh tay TRN FSTP014','FSTP01472CT22SB_WH-S ',7,420000.00,420000.00,0,'Còn hàng',NULL,'2024-12-16 17:33:55','2024-12-17 17:51:43'),(88,'Áo polo in tràn họa tiết TRN FSTP017','FSTP01772CT04SB_WLR-S ',7,450000.00,450000.00,0,'Còn hàng',NULL,'2024-12-16 17:53:10','2024-12-17 17:51:26'),(89,'Áo polo trơn bo kẻ logo ngực TRN FSTP012','FSTP01272CV00SB_WH-S',7,420000.00,420000.00,0,'Còn hàng',NULL,'2024-12-16 20:03:08','2024-12-17 17:51:13'),(90,'Áo Polo trơn bo kẻ in logo Horse FSTP020','FSTP02072CT00SB_DCR-S',7,420000.00,420000.00,0,'Còn hàng',NULL,'2024-12-16 20:06:30','2024-12-17 17:49:42'),(91,'Áo Polo can phối họa tiết thân FSTP011','FSTP01172CT32SB_HCR-S ',7,420000.00,420000.00,0,'Còn hàng',NULL,'2024-12-16 20:07:31','2024-12-17 17:49:27'),(92,'Áo polo can phối ngang thân FSTP010','FSTP01072CV32SB_NCR-M',7,420000.00,420000.00,0,'Còn hàng',NULL,'2024-12-16 20:08:31','2024-12-17 17:49:18'),(93,'Áo Polo can phối thân FSTP041','FSTP04172CV32SB_DWH-S',7,420000.00,420000.00,0,'Còn hàng',NULL,'2024-12-16 20:09:30','2024-12-17 17:48:59'),(94,'Áo len trơn cổ tròn thêu logo FWTE001',' FWTE00111AC00SB_DMS-S ',16,420000.00,420000.00,0,'Còn hàng',NULL,'2024-12-16 20:11:50','2024-12-17 17:47:44'),(95,'Áo blazer túi cơi viền có nắp FWTV001','FWTV00171TR00RB_GR-M ',18,1499000.00,1499000.00,0,'Còn hàng',NULL,'2024-12-16 20:13:45','2024-12-17 17:47:35'),(96,'Áo T shirt họa tiết in Determination phối lưới FSTS053','FSTS05312CA06XB_BL-S ',10,320000.00,320000.00,0,'Còn hàng',NULL,'2024-12-16 20:15:25','2024-12-17 17:47:25'),(97,'Áo T shirt họa tiết in Speedhunters FSTS041','FSTS04112CA06XB_BL-S ',10,350000.00,350000.00,0,'Còn hàng',NULL,'2024-12-16 20:16:56','2024-12-17 17:47:17'),(98,'Áo T shirt họa tiết in Overpowering FSTS046','FSTS04612CA06XB_CR-S',10,350000.00,350000.00,0,'Còn hàng',NULL,'2024-12-16 20:18:06','2024-12-17 17:47:06'),(99,'Áo T shirt họa tiết in Freedom Peace FSTS047',' FSTS04712CA06XB_WH-S ',10,350000.00,350000.00,0,'Còn hàng',NULL,'2024-12-16 20:19:34','2024-12-17 17:46:53'),(100,'Áo T shirt họa tiết in Toughness phối lưới FSTS051','FSTS05112CA06XB_BL-S ',10,350000.00,350000.00,0,'Còn hàng',NULL,'2024-12-16 20:21:30','2024-12-17 17:46:44'),(101,'Áo T shirt họa tiết in ốp túi ngực FSTS005','FSTS00512CV06SB_DNV-S',10,300000.00,300000.00,0,'Còn hàng',NULL,'2024-12-16 20:23:42','2024-12-17 17:46:31'),(102,'Áo T shirt họa tiết in Human FSTS012','FSTS01212CA06RB_WH-S ',10,300000.00,300000.00,0,'Còn hàng',NULL,'2024-12-16 20:24:45','2024-12-17 17:46:20'),(103,'Áo T shirt họa tiết in tràn Jumbly FSTS011','FSTS01112CA04RB_DNV-XL ',10,300000.00,300000.00,0,'Còn hàng',NULL,'2024-12-16 20:25:56','2024-12-17 17:46:04');
/*!40000 ALTER TABLE `products` ENABLE KEYS */;
UNLOCK TABLES;

--
-- Table structure for table `user`
--

DROP TABLE IF EXISTS `user`;
/*!40101 SET @saved_cs_client     = @@character_set_client */;
/*!50503 SET character_set_client = utf8mb4 */;
CREATE TABLE `user` (
  `id` int NOT NULL AUTO_INCREMENT,
  `fullname` varchar(100) NOT NULL,
  `email` varchar(100) NOT NULL,
  `phone` varchar(20) DEFAULT NULL,
  `password` varchar(200) NOT NULL,
  `forgotToken` varchar(100) DEFAULT NULL,
  `activeToken` varchar(100) DEFAULT NULL,
  `status` int DEFAULT '0',
  `create_at` datetime DEFAULT CURRENT_TIMESTAMP,
  `update_at` datetime DEFAULT CURRENT_TIMESTAMP ON UPDATE CURRENT_TIMESTAMP,
  PRIMARY KEY (`id`),
  UNIQUE KEY `email` (`email`)
) ENGINE=InnoDB AUTO_INCREMENT=2 DEFAULT CHARSET=utf8mb4 COLLATE=utf8mb4_0900_ai_ci;
/*!40101 SET character_set_client = @saved_cs_client */;

--
-- Dumping data for table `user`
--

LOCK TABLES `user` WRITE;
/*!40000 ALTER TABLE `user` DISABLE KEYS */;
INSERT INTO `user` VALUES (1,'Nguyễn Văn A','nguyenvana@gmail.com','0967083121','$2y$10$H/HahUvjNdjXqJCFO0ZDoeKs0JSH9wRr7owh08CuspciZAySFBVpy',NULL,'da4add182175f7ee8d452e95fae1c5c41f741d2c',0,'2024-12-05 18:58:00','2024-12-06 00:58:00');
/*!40000 ALTER TABLE `user` ENABLE KEYS */;
UNLOCK TABLES;
/*!40103 SET TIME_ZONE=@OLD_TIME_ZONE */;

/*!40101 SET SQL_MODE=@OLD_SQL_MODE */;
/*!40014 SET FOREIGN_KEY_CHECKS=@OLD_FOREIGN_KEY_CHECKS */;
/*!40014 SET UNIQUE_CHECKS=@OLD_UNIQUE_CHECKS */;
/*!40101 SET CHARACTER_SET_CLIENT=@OLD_CHARACTER_SET_CLIENT */;
/*!40101 SET CHARACTER_SET_RESULTS=@OLD_CHARACTER_SET_RESULTS */;
/*!40101 SET COLLATION_CONNECTION=@OLD_COLLATION_CONNECTION */;
/*!40111 SET SQL_NOTES=@OLD_SQL_NOTES */;

-- Dump completed on 2024-12-19 12:01:55
